feature,importance,share
Number_of_vehicles_involved,0.2689623674096913,0.21136146455034427
hour,0.12308257877319459,0.09672324928085144
Types_of_Junction,0.11330431022254189,0.089039091896542
Day_of_week,0.09165514795055443,0.07202630795890905
Weather_conditions,0.08114573559591752,0.06376758831633536
Type_of_vehicle,0.07286304659086897,0.05725871759444932
Age_band_of_driver,0.06843292136761872,0.05377734670845728
Light_conditions,0.04942715213969122,0.0388418475246563
Area_accident_occured,0.04049538233016085,0.03182290295575575
Cause_of_accident,0.03931537803587985,0.030895608040050974
Lanes_or_Medians,0.03861093090687942,0.0303420251045728
Type_of_collision,0.03527477973410945,0.027720343102629646
Vehicle_movement,0.03365205655893268,0.026445141853591304
Road_surface_conditions,0.030545616485895263,0.02400397608866129
Driving_experience,0.029429235423417546,0.023126678871827462
Service_year_of_vehicle,0.02820554945649992,0.02216505713787148
Defect_of_vehicle,0.025380966135268346,0.019945385764252876
Educational_level,0.022950016603466673,0.018035047681501968
Owner_of_vehicle,0.02140898868846657,0.016824045859335342
Vehicle_driver_relation,0.01573564770106391,0.012365705937883137
Road_allignment,0.011912051625211115,0.009360970092402637
Sex_of_driver,0.011401704281992097,0.008959918588688581
Pedestrian_movement,0.0101433728414962,0.007971071045761377
Road_surface_type,0.009188264008892355,0.007220508044668295
