threshold,recall,precision,flagged_share
0.05,1.0,0.15490547588005216,0.9964274114972393
0.06,0.9984218832193582,0.15588042049934298,0.9886326729457616
0.07,0.9936875328774329,0.15757424090757424,0.9733679766157843
0.08,0.9900052603892688,0.16139267644284366,0.9468171484248132
0.09,0.9789584429247764,0.16630920464700624,0.9085742124066255
0.1,0.9563387690689111,0.1718986384266263,0.8587203637544657
0.11,0.9342451341399264,0.1797388928246129,0.8022897044494965
0.12,0.8990005260389269,0.18881891503701248,0.7348976940565118
0.13,0.8532351394003156,0.19761208576998052,0.6664501461513478
0.14,0.8079957916885849,0.20872401141459437,0.5975154270867165
0.15,0.7638085218306154,0.2216117216117216,0.5319909061383566
0.16,0.7164650184113625,0.23576250649125843,0.46906463137382265
0.17,0.6596528143082588,0.24935374826009146,0.40833062682689186
0.18,0.6133613887427669,0.2656036446469248,0.35644689834361803
0.19,0.5665439242503946,0.2812744841995299,0.3108963949334199
0.2,0.5155181483429774,0.293676955349116,0.2709483598570965
0.21,0.47290899526564967,0.3044361666102269,0.23976940565118546
0.22,0.4329300368227249,0.3158096699923254,0.21159467359532316
0.23,0.40084166228300894,0.3287316652286454,0.1882104579408899
0.24,0.3745397159389795,0.34018155757286195,0.1699415394608639
0.25,0.34823776959495,0.35287846481876334,0.15232218252679441
0.26,0.32246186217780115,0.36488095238095236,0.13640792465086066
0.27,0.29352972119936876,0.3707641196013289,0.12219876583306269
0.28,0.2672277748553393,0.37995512341062077,0.10855797336797661
0.29,0.24145186743819042,0.39063829787234045,0.09540435206235791
0.3,0.22093634928984746,0.4046242774566474,0.0842806105878532
0.31,0.1988427143608627,0.421875,0.07275089314712568
0.32,0.1804313519200421,0.4292866082603254,0.06487495940240338
0.33,0.15781167806417676,0.4267425320056899,0.05708022085092562
0.34,0.1404523934771173,0.4320388349514563,0.05017862942513803
0.35,0.12782745923198316,0.4426229508196721,0.044576161091263396
0.36,0.1167806417674908,0.4530612244897959,0.039785644689834365
0.37,0.10520778537611783,0.46511627906976744,0.03491393309516077
0.38,0.09836927932667017,0.480719794344473,0.03158493017213381
0.39,0.08837453971593898,0.5029940119760479,0.027119194543683015
0.4,0.08311415044713309,0.5266666666666666,0.024358557973367976
0.41,0.07627564439768543,0.5513307984790875,0.02135433582331926
0.42,0.07048921620199895,0.575107296137339,0.01891848002598246
0.43,0.06628090478695424,0.5971563981042654,0.017132185774602144
0.44,0.060494476591267755,0.6020942408376964,0.015508281909710946
0.45,0.05628616517622304,0.6369047619047619,0.013640792465086067
0.46,0.05102577590741715,0.6466666666666666,0.012179278986683988
0.47,0.04734350341925302,0.6521739130434783,0.01120493666774927
0.48,0.0436612309310889,0.6535433070866141,0.01031178954205911
0.49,0.03945291951604419,0.6637168141592921,0.00917505683663527
0.5,0.03734876380852183,0.6826923076923077,0.008444300097434233
0.51,0.03577064702788006,0.7157894736842105,0.007713543358233193
0.52,0.03156233561283535,0.7058823529411765,0.006901591425787593
0.53,0.028932140978432403,0.6962025316455697,0.006414420266320234
0.54,0.025775907417148868,0.6805555555555556,0.005846053913608314
0.55,0.0241977906365071,0.6865671641791045,0.005440077947385514
0.56,0.019989479221462388,0.6785714285714286,0.004546930821695355
0.57,0.01893740136770121,0.6792452830188679,0.004303345241961676
0.58,0.01788532351394003,0.6938775510204082,0.003978564468983436
0.59,0.015255128879537085,0.6904761904761905,0.003410198116271517
0.6,0.013677012098895318,0.6666666666666666,0.003166612536537837
